,Jac,GS,SOR
0,2.670595602577451,2.6703412586663786,2.6704241973138
